{
    "display": {
        "icon": {
            "item": "minecraft:blaze_rod"
        },
        "title": {
            "text": "Hard on Start",
            "color": "white",
            "bold": false,
            "italic": false
        },
        "description": {
            "text": "Hermitcraft datapack that is used to keep from the server from switching to peaceful, and stay on hard.",
            "color": "green",
            "bold": false,
            "italic": true
        },
        "show_toast": false,
        "announce_to_chat": false,
        "frame": "goal"
    },
    "parent": "main:main/root",
    "criteria": {
        "tick": {
            "trigger": "minecraft:tick"
        }
    }
}