{
    "display": {
        "icon": {
            "item": "minecraft:name_tag"
        },
        "title": {
            "text": "Tag",
            "color": "white",
            "bold": false,
            "italic": false
        },
        "description": {
            "text": "Adds the Hermitcraft tag game directly into your world! /trigger tg_help",
            "color": "green",
            "bold": false,
            "italic": true
        },
        "show_toast": false,
        "announce_to_chat": false,
        "frame": "goal"
    },
    "parent": "main:main/root",
    "criteria": {
        "tick": {
            "trigger": "minecraft:tick"
        }
    }
}